id,sport,gender,matchType,iit,status,matchNo,pool,team1,team2,date,time,courtNo
1,Badminton,Men,League,IIT Madras,upcoming,1,A,IIT BOMBAY,IIT PATNA,15/12/2025,4.00 PM,4
2,Badminton,Men,League,IIT Madras,upcoming,2,B,IIT (BHU) VARANASI,IIT GOA,15/12/2025,4.00 PM,3
3,Badminton,Men,League,IIT Madras,upcoming,3,C,IIT MADRAS,IIT JAMMU,15/12/2025,4.00 PM,2
4,Badminton,Men,League,IIT Madras,upcoming,4,D,IIT JODHPUR,IIT GANDHINAGAR,15/12/2025,4.00 PM,1
5,Badminton,Men,League,IIT Madras,upcoming,5,E,IIT KHARAGPUR,IIT BHILAI,15/12/2025,2.00 PM,3
6,Badminton,Men,League,IIT Madras,upcoming,6,F,IIT ROORKEE,IIT DHARWAD,15/12/2025,2.00 PM,2
7,Badminton,Men,League,IIT Madras,upcoming,7,G,IIT DELHI,IIT PALAKKAD,15/12/2025,2.00 PM,1
8,Badminton,Men,League,IIT Madras,upcoming,8,A,IIT BHUBANESWAR,IIT PATNA,16/12/2025,4.00 PM,4
9,Badminton,Men,League,IIT Madras,upcoming,9,B,IIT GUWAHATI,IIT GOA,16/12/2025,4.00 PM,3
10,Badminton,Men,League,IIT Madras,upcoming,10,C,IIT ROPAR,IIT JAMMU,16/12/2025,4.00 PM,2
11,Badminton,Men,League,IIT Madras,upcoming,11,D,IIT INDORE,IIT GANDHINAGAR,16/12/2025,4.00 PM,1
12,Badminton,Men,League,IIT Madras,upcoming,12,E,IIT TIRUPATI,IIT BHILAI,16/12/2025,2.00 PM,3
13,Badminton,Men,League,IIT Madras,upcoming,13,F,IIT MANDI,IIT DHARWAD,16/12/2025,2.00 PM,2
14,Badminton,Men,League,IIT Madras,upcoming,14,G,IIT (ISM) DHANBAD,IIT PALAKKAD,16/12/2025,2.00 PM,1
15,Badminton,Men,League,IIT Madras,upcoming,15,A,IIT BOMBAY,IIT BHUBANESWAR,17/12/2025,4.00 PM,4
16,Badminton,Men,League,IIT Madras,upcoming,16,B,IIT (BHU) VARANASI,IIT GUWAHATI,17/12/2025,4.00 PM,3
17,Badminton,Men,League,IIT Madras,upcoming,17,C,IIT MADRAS,IIT ROPAR,17/12/2025,4.00 PM,2
18,Badminton,Men,League,IIT Madras,upcoming,18,D,IIT JODHPUR,IIT INDORE,17/12/2025,4.00 PM,1
19,Badminton,Men,League,IIT Madras,upcoming,19,E,IIT KHARAGPUR,IIT TIRUPATI,17/12/2025,2.00 PM,4
20,Badminton,Men,League,IIT Madras,upcoming,20,F,IIT ROORKEE,IIT MANDI,17/12/2025,2.00 PM,3
21,Badminton,Men,League,IIT Madras,upcoming,21,G,IIT DELHI,IIT (ISM) DHANBAD,17/12/2025,2.00 PM,2
22,Badminton,Men,League,IIT Madras,upcoming,22,H,IIT KANPUR,IIT HYDERABAD,17/12/2025,2.00 PM,1
23,Badminton,Men,Pre-Quarter Final,IIT Madras,upcoming,23,PQF 1,WINNER OF POOL A,RUNNER-UP OF POOL C,18/12/2025,4.00 PM,1
24,Badminton,Men,Pre-Quarter Final,IIT Madras,upcoming,24,PQF 2,WINNER OF POOL B,RUNNER-UP OF POOL D,18/12/2025,2.00 PM,1
25,Badminton,Men,Pre-Quarter Final,IIT Madras,upcoming,25,PQF 3,WINNER OF POOL C,RUNNER-UP OF POOL A,18/12/2025,2.00 PM,2
26,Badminton,Men,Pre-Quarter Final,IIT Madras,upcoming,26,PQF 4,WINNER OF POOL D,RUNNER-UP OF POOL B,18/12/2025,4.00 PM,4
27,Badminton,Men,Pre-Quarter Final,IIT Madras,upcoming,27,PQF 5,WINNER OF POOL E,RUNNER-UP OF POOL G,18/12/2025,4.00 PM,2
28,Badminton,Men,Pre-Quarter Final,IIT Madras,upcoming,28,PQF 6,WINNER OF POOL F,RUNNER-UP OF POOL H,18/12/2025,2.00 PM,4
29,Badminton,Men,Pre-Quarter Final,IIT Madras,upcoming,29,PQF 7,WINNER OF POOL G,RUNNER-UP OF POOL E,18/12/2025,4.00 PM,3
30,Badminton,Men,Pre-Quarter Final,IIT Madras,upcoming,30,PQF 8,WINNER OF POOL H,RUNNER-UP OF POOL F,18/12/2025,2.00 PM,3
31,Badminton,Men,Quarter Final,IIT Madras,upcoming,31,QF1,WINNER OF PQF 1,WINNER OF PQF 6,19/12/2025,2.00 PM,2
32,Badminton,Men,Quarter Final,IIT Madras,upcoming,32,QF 2,WINNER OF PQF 2,WINNER OF PQF 5,19/12/2025,2.00 PM,3
33,Badminton,Men,Quarter Final,IIT Madras,upcoming,33,QF3,WINNER OF PQF3,WINNER OF PQF 8,19/12/2025,4.00 PM,2
34,Badminton,Men,Quarter Final,IIT Madras,upcoming,34,OF 4,WINNER OF PQF 4,WINNER OF PQF 7,19/12/2025,4.00 PM,3
35,Badminton,Men,Semi Final,IIT Madras,upcoming,35,SF 1,WINNER OF QF 1,WINNER OF QF 4,20/12/2025,4.00 PM,3
36,Badminton,Men,Semi Final,IIT Madras,upcoming,36,SF 2,WINNER OF QF 2,WINNER OF QF 3,20/12/2025,2.00 PM,2
37,Badminton,Men,3rd Place,IIT Madras,upcoming,37,3RD PLACE,LOSER OF SF 1,LOSER OF SF 2,21/12/2025,8.30 AM,3
38,Badminton,Men,Finals,IIT Madras,upcoming,38,FINALS,WINNER OF SF 1,WINNER OF SF 2,21/12/2025,11.00 AM,2
75,Basketball,Women,League,IIT Madras,upcoming,1,A,IIT MADRAS,IIT MANDI,15/12/2025,6:30 AM,2
76,Basketball,Women,League,IIT Madras,upcoming,2,B,IIT JODHPUR,IIT JAMMU,15/12/2025,8:00 AM,2
77,Basketball,Women,League,IIT Madras,upcoming,3,C,IIT PALAKKAD,IIT (BHU) VARANASI,15/12/2025,9:30 AM,2
78,Basketball,Women,League,IIT Madras,upcoming,4,D,IIT ROORKEE,IIT TIRUPATI,15/12/2025,3:00 PM,2
79,Basketball,Women,League,IIT Madras,upcoming,5,E,IIT KANPUR,IIT PATNA,15/12/2025,4:30 PM,2
80,Basketball,Women,League,IIT Madras,upcoming,6,F,IIT HYDERABAD,IIT (ISM) DHANBAD,15/12/2025,6:00 PM,2
81,Basketball,Women,League,IIT Madras,upcoming,7,G,IIT KHARAGPUR,IIT INDORE,15/12/2025,7:30 PM,2
82,Basketball,Women,League,IIT Madras,upcoming,8,B,IIT GUWAHATI,IIT JAMMU,16/12/2025,6:30 AM,2
83,Basketball,Women,League,IIT Madras,upcoming,9,C,IIT BHUBANESWAR,IIT (BHU) VARANASI,16/12/2025,8:00 AM,2
84,Basketball,Women,League,IIT Madras,upcoming,10,D,IIT ROPAR,IIT TIRUPATI,16/12/2025,9:30 AM,2
85,Basketball,Women,League,IIT Madras,upcoming,11,E,IIT DELHI,IIT PATNA,16/12/2025,3:00 PM,2
86,Basketball,Women,League,IIT Madras,upcoming,12,F,IIT DHARWAD,IIT (ISM) DHANBAD,16/12/2025,4:30 PM,2
87,Basketball,Women,League,IIT Madras,upcoming,13,G,IIT GANDHINAGAR,IIT INDORE,16/12/2025,6:00 PM,2
88,Basketball,Women,League,IIT Madras,upcoming,14,H,IIT BOMABY,IIT BHILAI,16/12/2025,7:30 PM,2
89,Basketball,Women,League,IIT Madras,upcoming,15,B,IIT JODHPUR,IIT GUWAHATI,17/12/2025,6:30 AM,2
90,Basketball,Women,League,IIT Madras,upcoming,16,C,IIT PALAKKAD,IIT BHUBANESWAR,17/12/2025,8:00 AM,2
91,Basketball,Women,League,IIT Madras,upcoming,17,D,IIT ROORKEE,IIT ROPAR,17/12/2025,3:00 PM,2
92,Basketball,Women,League,IIT Madras,upcoming,18,E,IIT KANPUR,IIT DELHI,17/12/2025,4:30 PM,2
93,Basketball,Women,League,IIT Madras,upcoming,19,F,IIT HYDERABAD,IIT DHARWAD,17/12/2025,6:00 PM,2
94,Basketball,Women,League,IIT Madras,upcoming,20,G,IIT KHARAGPUR,IIT GANDHINAGAR,17/12/2025,7:30 PM,2
95,Basketball,Women,Pre-Quarter Final,IIT Madras,upcoming,21,PQF 1,WINNER OF POOL A,RUNNER-UP OF POOL C,18/12/2025,6:30 AM,2
96,Basketball,Women,Pre-Quarter Final,IIT Madras,upcoming,22,PQF 2,WINNER OF POOL B,RUNNER-UP OF POOL D,18/12/2025,8:00 AM,2
97,Basketball,Women,Pre-Quarter Final,IIT Madras,upcoming,23,PQF 3,WINNER OF POOL C,RUNNER-UP OF POOL A,18/12/2025,9:30 AM,2
98,Basketball,Women,Pre-Quarter Final,IIT Madras,upcoming,24,PQF 4,WINNER OF POOL D,RUNNER-UP OF POOL B,18/12/2025,11:00 AM,2
99,Basketball,Women,Pre-Quarter Final,IIT Madras,upcoming,25,PQF 5,WINNER OF POOL E,RUNNER-UP OF POOL G,18/12/2025,03:00:PM,2
100,Basketball,Women,Pre-Quarter Final,IIT Madras,upcoming,26,PQF 6,WINNER OF POOL F,RUNNER-UP OF POOL H,18/12/2025,04:30:PM,2
101,Basketball,Women,Pre-Quarter Final,IIT Madras,upcoming,27,PQF 7,WINNER OF POOL G,RUNNER-UP OF POOL E,18/12/2025,06:00:PM,2
102,Basketball,Women,Pre-Quarter Final,IIT Madras,upcoming,28,PQF 8,WINNER OF POOL H,RUNNER-UP OF POOL F,18/12/2025,07:30:PM,2
103,Basketball,Women,Quarter Final,IIT Madras,upcoming,29,QF1,WINNER OF PQF 1,WINNER OF PQF 6,19/12/2025,8:00 AM,2
104,Basketball,Women,Quarter Final,IIT Madras,upcoming,30,QF 2,WINNER OF PQF 2,WINNER OF PQF 5,19/12/2025,9:30 AM,2
105,Basketball,Women,Quarter Final,IIT Madras,upcoming,31,QF 3,WINNER OF PQF 3,WINNER OF PQF 8,19/12/2025,3:00 PM,2
106,Basketball,Women,Quarter Final,IIT Madras,upcoming,32,QF 4,WINNER OF PQF 4,WINNER OF PQF 7,19/12/2025,4:30 PM,2
107,Basketball,Women,Semi Final,IIT Madras,upcoming,33,SF 1,WINNER OF QF 1,WINNER OF QF 4,20/12/2025,8:00 AM,2
108,Basketball,Women,Semi Final,IIT Madras,upcoming,34,SF 2,WINNER OF QF 2,WINNER OF QF 3,20/12/2025,9:30 AM,2
109,Basketball,Women,3rd Place,IIT Madras,upcoming,35,3RD PLACE,LOSER OF SF 1,LOSER OF SF 2,21/12/2025,8:00 AM,2
110,Basketball,Women,Finals,IIT Madras,upcoming,36,FINALS,WINNER OF SF 1,WINNER OF SF 2,21/12/2025,9:30 AM,2
111,Badminton,Women,League,IIT Madras,upcoming,1,B,IIT INDORE,IIT (ISM) DHANBAD,15/12/2025,10.30 AM,2
112,Badminton,Women,League,IIT Madras,upcoming,2,C,IIT BOMBAY,IIT GANDHINAGAR,15/12/2025,10.30 AM,3
113,Badminton,Women,League,IIT Madras,upcoming,3,E,IIT JODHPUR,IIT PALAKKAD,15/12/2025,10.30 AM,1
114,Badminton,Women,League,IIT Madras,upcoming,4,F,IIT ROORKEE,IIT HYDERABAD,15/12/2025,8.30 AM,2
115,Badminton,Women,League,IIT Madras,upcoming,5,G,IIT GUWAHATHI,IIT BHUBANESWAR,15/12/2025,8.30 AM,3
116,Badminton,Women,League,IIT Madras,upcoming,6,H,IIT KHARAGPUR,IIT (BHU) VARANASI,15/12/2025,8.30 AM,1
117,Badminton,Women,League,IIT Madras,upcoming,7,B,IIT TIRUPAΤΙ,IIT (ISM) DHANBAD,16/12/2025,10.30 AM,2
118,Badminton,Women,League,IIT Madras,upcoming,8,C,IIT PATNA,IIT GANDHINAGAR,16/12/2025,10.30 AM,3
119,Badminton,Women,League,IIT Madras,upcoming,9,D,IIT DELHI,IIT MANDI,16/12/2025,10.30 AM,1
120,Badminton,Women,League,IIT Madras,upcoming,10,E,IIT JAMMU,IIT PALAKKAD,16/12/2025,8.30 AM,2
121,Badminton,Women,League,IIT Madras,upcoming,11,F,IIT ROPAR,IIT HYDERABAD,16/12/2025,8.30 AM,3
122,Badminton,Women,League,IIT Madras,upcoming,12,G,IIT BHILAI,IIT BHUBANESWAR,16/12/2025,8.30 AM,1
123,Badminton,Women,League,IIT Madras,upcoming,13,A,IIT MADRAS,IIT KANPUR,17/12/2025,10.30 AM,2
124,Badminton,Women,League,IIT Madras,upcoming,14,B,IIT INDORE,IIT TIRUPATI,17/12/2025,10.30 AM,3
125,Badminton,Women,League,IIT Madras,upcoming,15,C,IIT BOMBAY,IIT PATNA,17/12/2025,10.30 AM,1
126,Badminton,Women,League,IIT Madras,upcoming,16,E,IIT JODHPUR,IIT JAMMU,17/12/2025,8.30 AM,2
127,Badminton,Women,League,IIT Madras,upcoming,17,F,IIT ROORKEE,IIT ROPAR,17/12/2025,8.30 AM,3
128,Badminton,Women,League,IIT Madras,upcoming,18,G,IIT GUWAHATI,IIT BHILAI,17/12/2025,8.30 AM,1
129,Badminton,Women,Pre-Quarter Final,IIT Madras,upcoming,19,PQF 1,WINNER OF POOL A,RUNNER-UP OF POOL C,18/12/2025,10.30 AM,2
130,Badminton,Women,Pre-Quarter Final,IIT Madras,upcoming,20,PQF 2,WINNER OF POOL B,RUNNER-UP OF POOL D,18/12/2025,10.30 AM,3
131,Badminton,Women,Pre-Quarter Final,IIT Madras,upcoming,21,PQF 3,WINNER OF POOL C,RUNNER-UP OF POOL A,18/12/2025,10.30 AM,1
132,Badminton,Women,Pre-Quarter Final,IIT Madras,upcoming,22,PQF 4,WINNER OF POOL D,RUNNER-UP OF POOL B,18/12/2025,10.30 AM,2
133,Badminton,Women,Pre-Quarter Final,IIT Madras,upcoming,23,PQF 5,WINNER OF POOL E,RUNNER-UP OF POOL G,18/12/2025,8.30 AM,3
134,Badminton,Women,Pre-Quarter Final,IIT Madras,upcoming,24,PQF 6,WINNER OF POOL F,RUNNER-UP OF POOL H,18/12/2025,8.30 AM,1
135,Badminton,Women,Pre-Quarter Final,IIT Madras,upcoming,25,PQF 7,WINNER OF POOL G,RUNNER-UP OF POOL E,18/12/2025,8.30 AM,2
136,Badminton,Women,Pre-Quarter Final,IIT Madras,upcoming,26,PQF 8,WINNER OF POOL H,RUNNER-UP OF POOL F,18/12/2025,8.30 AM,3
137,Badminton,Women,Quarter Final,IIT Madras,upcoming,27,QF1,WINNER OF PQF 1,WINNER OF PQF 6,19/12/2025,10.30 AM,2
138,Badminton,Women,Quarter Final,IIT Madras,upcoming,28,QF 2,WINNER OF PQF 2,WINNER OF POF 5,19/12/2025,10.30 AM,3
139,Badminton,Women,Quarter Final,IIT Madras,upcoming,29,QF 3,WINNER OF PQF 3,WINNER OF PQF 8,19/12/2025,10.30 AM,1
140,Badminton,Women,Quarter Final,IIT Madras,upcoming,30,QF 4,WINNER OF PQF 4,WINNER OF PQF7,19/12/2025,10.30 AM,2
141,Badminton,Women,Semi Final,IIT Madras,upcoming,31,SF 1,WINNER OF QF 1,WINNER OF QF 4,20/12/2025,10.30 AM,2
142,Badminton,Women,Semi Final,IIT Madras,upcoming,32,SF 2,WINNER OF QF 2,WINNER OF QF 3,20/12/2025,10.30 AM,3
143,Badminton,Women,3rd Place,IIT Madras,upcoming,33,3RD PLACE,LOSER OF SF 1,LOSER OF SF 2,21/12/2025,8.30 AM,2
144,Badminton,Women,Finals,IIT Madras,upcoming,34,FINALS,WINNER OF SF 1,WINNER OF SF 2,21/12/2025,10.30 AM,2
145,Squash,Men,League,IIT Madras,upcoming,1,A,IIT DELHI,IIT HYDERABAD,14/12/2025,9:00 AM,2
146,Squash,Men,League,IIT Madras,upcoming,2,B,IIT BOMBAY,IIT MANDI,14/12/2025,10:00 AM,2
147,Squash,Men,League,IIT Madras,upcoming,3,C,IIT JODHPUR,IIT PATNA,14/12/2025,11:00 AM,2
148,Squash,Men,League,IIT Madras,upcoming,4,D,IIT KANPUR,IIT KHARAGPUR,14/12/2025,12:00 PM,2
149,Squash,Men,League,IIT Madras,upcoming,5,A,IIT BHUBANESWAR,IIT JAMMU,14/12/2025,9:00 AM,1
150,Squash,Men,League,IIT Madras,upcoming,6,B,IIT (BHU) VARANASI,IIT MADRAS,14/12/2025,10:00 AM,1
151,Squash,Men,League,IIT Madras,upcoming,7,C,IIT (ISM) DHANBAD,IIT GUWAHATI,14/12/2025,11:00 AM,1
152,Squash,Men,League,IIT Madras,upcoming,8,D,IIT ROORKEE,IIT INDORE,14/12/2025,12:00 PM,1
153,Squash,Men,League,IIT Madras,upcoming,9,A,IIT DELHI,IIT JAMMU,15/12/2025,9:00 AM,2
154,Squash,Men,League,IIT Madras,upcoming,10,B,IIT BOMBAY,IIT MADRAS,15/12/2025,10:00 AM,2
155,Squash,Men,League,IIT Madras,upcoming,11,C,IIT JODHPUR,IIT GUWAHATI,15/12/2025,11:00 AM,2
156,Squash,Men,League,IIT Madras,upcoming,12,D,IIT KANPUR,IIT INDORE,15/12/2025,3:00 PM,2
157,Squash,Men,League,IIT Madras,upcoming,13,D,IIT ROORKEE,IIT GANDHINAGAR,15/12/2025,4:00 PM,2
158,Squash,Men,League,IIT Madras,upcoming,14,A,IIT BHUBANESWAR,IIT HYDERABAD,16/12/2025,9:00 AM,2
159,Squash,Men,League,IIT Madras,upcoming,15,B,IIT (BHU) VARANASI,IIT MANDI,16/12/2025,10:00 AM,2
160,Squash,Men,League,IIT Madras,upcoming,16,C,IIT (ISM) DHANBAD,IIT PATNA,16/12/2025,3:00 PM,2
161,Squash,Men,League,IIT Madras,upcoming,17,D,IIT ROORKEE,IIT KHARAGPUR,16/12/2025,4:00 PM,2
162,Squash,Men,League,IIT Madras,upcoming,18,D,IIT INDORE,IIT GANDHINAGAR,16/12/2025,5:00 PM,2
163,Squash,Men,League,IIT Madras,upcoming,19,D,IIT KANPUR,IIT GANDHINAGAR,17/12/2025,9:00 AM,1
164,Squash,Men,League,IIT Madras,upcoming,20,A,IIT HYDERABAD,IIT JAMMU,17/12/2025,9:00 AM,2
165,Squash,Men,League,IIT Madras,upcoming,21,B,IIT MANDI,IIT MADRAS,17/12/2025,10:00 AM,1
166,Squash,Men,League,IIT Madras,upcoming,22,C,IIT PATNA,IIT GUWAHATI,17/12/2025,10:00 AM,2
167,Squash,Men,League,IIT Madras,upcoming,23,D,IIT KHARAGPUR,IIT INDORE,17/12/2025,11:00 AM,2
168,Squash,Men,League,IIT Madras,upcoming,24,A,IIT DELHI,IIT BHUBANESWAR,18/12/2025,3:00 PM,1
169,Squash,Men,League,IIT Madras,upcoming,25,B,IIT BOMBAY,IIT (BHU) VARANASI,18/12/2025,3:00 PM,2
170,Squash,Men,League,IIT Madras,upcoming,26,C,IIT JODHPUR,IIT (ISM) DHANBAD,18/12/2025,4:00 PM,1
171,Squash,Men,League,IIT Madras,upcoming,27,D,IIT KANPUR,IIT ROORKEE,18/12/2025,4:00 PM,2
172,Squash,Men,League,IIT Madras,upcoming,28,D,IIT KHARAGPUR,IIT GANDHINAGAR,18/12/2025,5:00 PM,2
173,Squash,Men,Quarter Final,IIT Madras,upcoming,29,QF1,WINNER OF POOL A,RUNNER-UP OF POOL C,19/12/2025,9:00 AM,1
174,Squash,Men,Quarter Final,IIT Madras,upcoming,30,QF 2,WINNER OF POOL B,RUNNER-UP OF POOL D,19/12/2025,9:00 AM,2
175,Squash,Men,Quarter Final,IIT Madras,upcoming,31,QF 3,WINNER OF POOL C,RUNNER-UP OF POOL A,19/12/2025,10:00 AM,1
176,Squash,Men,Quarter Final,IIT Madras,upcoming,32,QF 4,WINNER OF POOL D,RUNNER-UP OF POOL B,19/12/2025,10:00 AM,2
177,Squash,Men,Semi Final,IIT Madras,upcoming,33,SF 1,WINNER OF QF 1,WINNER OF QF 4,20/12/2025,4:00 PM,1
178,Squash,Men,Semi Final,IIT Madras,upcoming,34,SF 2,WINNER OF OF 2,WINNER OF QF 3,20/12/2025,4:00 PM,2
179,Squash,Men,3rd Place,IIT Madras,upcoming,35,3RD PLACE,LOSER OF SF 1,LOSER OF SF 2,21/12/2025,9:00 AM,2
180,Squash,Men,Final,IIT Madras,upcoming,36,FINALS,WINNER OF SF 1,WINNER OF SF 2,21/12/2025,11:00 AM,2
181,Squash,Women,League,IIT Madras,upcoming,1,A,IIT BOMBAY,IIT (BHU) VARANASI,15/12/2025,9:00 AM,1
182,Squash,Women,League,IIT Madras,upcoming,2,B,IIT DELHI,IIT INDORE,15/12/2025,10:00 AM,1
183,Squash,Women,League,IIT Madras,upcoming,3,C,IIT MADRAS,IIT HYDERABAD,15/12/2025,11:00 AM,1
184,Squash,Women,League,IIT Madras,upcoming,4,D,IIT KANPUR,IIT MANDI,15/12/2025,12:00 PM,1
185,Squash,Women,League,IIT Madras,upcoming,5,B,IIT PATNA,IIT ROORKEE,15/12/2025,3:00 PM,1
186,Squash,Women,League,IIT Madras,upcoming,6,C,IIT JODHPUR,IIT GANDHINAGAR,15/12/2025,4:00 PM,1
187,Squash,Women,League,IIT Madras,upcoming,7,D,IIT KHARAGPUR,IIT (ISM) DHANBAD,15/12/2025,5:00 PM,1
188,Squash,Women,League,IIT Madras,upcoming,8,B,IIT DELHI,IIT ROORKEE,16/12/2025,9:00 AM,1
189,Squash,Women,League,IIT Madras,upcoming,9,C,IIT MADRAS,IIT GANDHINAGAR,16/12/2025,10:00 AM,1
190,Squash,Women,League,IIT Madras,upcoming,10,D,IIT KANPUR,IIT (ISM) DHANBAD,16/12/2025,11:00 AM,1
191,Squash,Women,League,IIT Madras,upcoming,11,A,IIT GUWAHATI,IIT (BHU) VARANASI,16/12/2025,12:00 PM,1
192,Squash,Women,League,IIT Madras,upcoming,12,B,IIT PATNA,IIT INDORE,16/12/2025,3:00 PM,1
193,Squash,Women,League,IIT Madras,upcoming,13,C,IIT JODHPUR,IIT HYDERABAD,16/12/2025,4:00 PM,1
194,Squash,Women,League,IIT Madras,upcoming,14,D,IIT KHARAGPUR,IIT MANDI,16/12/2025,5:00 PM,1
195,Squash,Women,League,IIT Madras,upcoming,15,A,IIT BOMBAY,IIT GUWAHATI,17/12/2025,9:00 AM,1
196,Squash,Women,League,IIT Madras,upcoming,16,B,IIT DELHI,IIT PATNA,17/12/2025,10:00 AM,1
197,Squash,Women,League,IIT Madras,upcoming,17,C,IIT MADRAS,IIT JODHPUR,17/12/2025,11:00 AM,1
198,Squash,Women,League,IIT Madras,upcoming,18,D,IIT KANPUR,IIT KHARAGPUR,17/12/2025,12:00 PM,1
199,Squash,Women,League,IIT Madras,upcoming,19,B,IIT INDORE,IIT ROORKEE,17/12/2025,3:00 PM,1
200,Squash,Women,League,IIT Madras,upcoming,20,C,IIT HYDERABAD,IIT GANDHINAGAR,17/12/2025,4:00 PM,1
201,Squash,Women,League,IIT Madras,upcoming,21,D,IIT MANDI,IIT (ISM) DHANBAD,17/12/2025,5:00 PM,1
202,Squash,Women,Quarter Final,IIT Madras,upcoming,22,QF1,WINNER OF POOL A,RUNNER-UP OF POOL C,19/12/2025,4:00 PM,1
203,Squash,Women,Quarter Final,IIT Madras,upcoming,23,QF 2,WINNER OF POOL B,RUNNER-UP OF POOL D,19/12/2025,4:00 PM,2
204,Squash,Women,Quarter Final,IIT Madras,upcoming,24,QF 3,WINNER OF POOL C,RUNNER-UP OF POOL A,19/12/2025,5:00 PM,1
205,Squash,Women,Quarter Final,IIT Madras,upcoming,25,QF 4,WINNER OF POOL D,RUNNER-UP OF POOL B,19/12/2025,5:00 PM,2
206,Squash,Women,Semi Final,IIT Madras,upcoming,26,SF 1,WINNER OF QF 1,WINNER OF QF 4,20/12/2025,10:00 AM,1
207,Squash,Women,Semi Final,IIT Madras,upcoming,27,SF 2,WINNER OF QF 2,WINNER OF QF 3,20/12/2025,10:00 AM,2
208,Squash,Women,3rd Place,IIT Madras,upcoming,28,3RD PLACE,LOSER OF SF 1,LOSER OF SF 2,21/12/2025,9:00 AM,1
209,Squash,Women,Finals,IIT Madras,upcoming,29,FINALS,WINNER OF SF 1,WINNER OF SF 2,21/12/2025,10:00 AM,2
210,Table Tennis,Men,League,IIT Madras,upcoming,1,A,IIT KANPUR,IIT BHUBANESWAR,15/12/2025,10:30 AM,1
211,Table Tennis,Men,League,IIT Madras,upcoming,2,B,IIT ROORKEE,IIT TIRUPATI,15/12/2025,10:30 AM,2
212,Table Tennis,Men,League,IIT Madras,upcoming,3,C,IIT GANDHINAGAR,IIT JODHPUR,15/12/2025,10:30 AM,3
213,Table Tennis,Men,League,IIT Madras,upcoming,4,D,IIT GUWAHATI,IIT GOA,15/12/2025,10:30 AM,4
214,Table Tennis,Men,League,IIT Madras,upcoming,5,E,IIT KHARAGPUR,IIT MANDI,15/12/2025,3:30 PM,1
215,Table Tennis,Men,League,IIT Madras,upcoming,6,F,IIT (BHU) VARANASI,IIT (ISM) DHANBAD,15/12/2025,3:30 PM,2
216,Table Tennis,Men,League,IIT Madras,upcoming,7,G,IIT DELHI,IIT BHILAI,15/12/2025,3:30 PM,3
217,Table Tennis,Men,League,IIT Madras,upcoming,8,A,IIT JAMMU,IIT BHUBANESWAR,16/12/2025,10:30 AM,1
218,Table Tennis,Men,League,IIT Madras,upcoming,9,B,IIT PATNA,IIT TIRUPATI,16/12/2025,10:30 AM,2
219,Table Tennis,Men,League,IIT Madras,upcoming,10,C,IIT DHARWAD,IIT JODHPUR,16/12/2025,10:30 AM,3
220,Table Tennis,Men,League,IIT Madras,upcoming,11,D,IIT HYDERABAD,IIT GOA,16/12/2025,10:30 AM,4
221,Table Tennis,Men,League,IIT Madras,upcoming,12,E,IIT BOMBAY,IIT MANDI,16/12/2025,3:30 PM,1
222,Table Tennis,Men,League,IIT Madras,upcoming,13,F,IIT PALAKKAD,IIT (ISM) DHANBAD,16/12/2025,3:30 PM,2
223,Table Tennis,Men,League,IIT Madras,upcoming,14,G,IIT INDORE,IIT BHILAI,16/12/2025,3:30 PM,3
224,Table Tennis,Men,League,IIT Madras,upcoming,15,A,IIT KANPUR,IIT JAMMU,17/12/2025,10:30 AM,1
225,Table Tennis,Men,League,IIT Madras,upcoming,16,B,IIT ROORKEE,IIT PATNA,17/12/2025,10:30 AM,2
226,Table Tennis,Men,League,IIT Madras,upcoming,17,C,IIT GANDHINAGAR,IIT DHARWAD,17/12/2025,10:30 AM,3
227,Table Tennis,Men,League,IIT Madras,upcoming,18,D,IIT GUWAHATI,IIT HYDERABAD,17/12/2025,10:30 AM,4
228,Table Tennis,Men,League,IIT Madras,upcoming,19,E,IIT KHARAGPUR,IIT BOMBAY,17/12/2025,3:30 PM,1
229,Table Tennis,Men,League,IIT Madras,upcoming,20,F,IIT (BHU) VARANASI,IIT PALAKKAD,17/12/2025,3:30 PM,2
230,Table Tennis,Men,League,IIT Madras,upcoming,21,G,IIT DELHI,IIT INDORE,17/12/2025,3:30 PM,3
231,Table Tennis,Men,League,IIT Madras,upcoming,22,H,IIT MADRAS,IIT ROPAR,17/12/2025,3:30 PM,4
232,Table Tennis,Men,Pre-Quarter Final,IIT Madras,upcoming,23,PQF 1,WINNER OF POOL A,RUNNER-UP OF POOL C,18/12/2025,10:30 AM,1
233,Table Tennis,Men,Pre-Quarter Final,IIT Madras,upcoming,24,PQF 2,WINNER OF POOL B,RUNNER-UP OF POOL D,18/12/2025,10:30 AM,2
234,Table Tennis,Men,Pre-Quarter Final,IIT Madras,upcoming,25,PQF 3,WINNER OF POOL C,RUNNER-UP OF POOL A,18/12/2025,10:30 AM,3
235,Table Tennis,Men,Pre-Quarter Final,IIT Madras,upcoming,26,PQF 4,WINNER OF POOL D,RUNNER-UP OF POOL B,18/12/2025,10:30 AM,4
236,Table Tennis,Men,Pre-Quarter Final,IIT Madras,upcoming,27,PQF 5,WINNER OF POOL E,RUNNER-UP OF POOL G,18/12/2025,3:30 PM,1
237,Table Tennis,Men,Pre-Quarter Final,IIT Madras,upcoming,28,PQF 6,WINNER OF POOL F,RUNNER-UP OF POOL H,18/12/2025,3:30 PM,2
238,Table Tennis,Men,Pre-Quarter Final,IIT Madras,upcoming,29,PQF 7,WINNER OF POOL G,RUNNER-UP OF POOL E,18/12/2025,3:30 PM,3
239,Table Tennis,Men,Pre-Quarter Final,IIT Madras,upcoming,30,PQF 8,WINNER OF POOL H,RUNNER-UP OF POOL F,18/12/2025,3:30 PM,4
240,Table Tennis,Men,Quarter Final,IIT Madras,upcoming,31,QF1,WINNER OF PQF 1,WINNER OF PQF 6,19/12/2025,10:30 AM,1
241,Table Tennis,Men,Quarter Final,IIT Madras,upcoming,32,QF 2,WINNER OF PQF 2,WINNER OF POF 5,19/12/2025,10:30 AM,2
242,Table Tennis,Men,Quarter Final,IIT Madras,upcoming,33,QF 3,WINNER OF PQF 3,WINNER OF PQF 8,19/12/2025,10:30 AM,3
243,Table Tennis,Men,Quarter Final,IIT Madras,upcoming,34,QF 4,WINNER OF PQF 4,WINNER OF PQF 7,19/12/2025,10:30 AM,4
244,Table Tennis,Men,Semi Final,IIT Madras,upcoming,35,SF 1,WINNER OF QF 1,WINNER OF QF 4,20/12/2025,11.00 AM,1
245,Table Tennis,Men,Semi Final,IIT Madras,upcoming,36,SF 2,WINNER OF QF 2,WINNER OF QF 3,20/12/2025,11.00 AM,2
246,Table Tennis,Men,3rd Place,IIT Madras,upcoming,37,3RD PLACE,LOSER OF SF 1,LOSER OF SF 2,21/12/2025,10:30 AM,2
247,Table Tennis,Men,Finals,IIT Madras,upcoming,38,FINALS,WINNER OF SF 1,WINNER OF SF 2,21/12/2025,10:30 AM,1
248,Table Tennis,Women,League,IIT Madras,upcoming,1,A,IIT MADRAS,IIT PATNA,15/12/2025,9.30 AM,1
249,Table Tennis,Women,League,IIT Madras,upcoming,2,B,IIT KANPUR,IIT BHUBANESWAR,15/12/2025,9.30 AM,2
250,Table Tennis,Women,League,IIT Madras,upcoming,3,C,IIT BOMBAY,IIT KHARAGPUR,15/12/2025,9.30 AM,3
251,Table Tennis,Women,League,IIT Madras,upcoming,4,D,IIT DELHI,IIT TIRUPATI,15/12/2025,9.30 AM,4
252,Table Tennis,Women,League,IIT Madras,upcoming,5,E,IIT MANDI,IIT (ISM) DHANBAD,15/12/2025,2.30 PM,1
253,Table Tennis,Women,League,IIT Madras,upcoming,6,F,IIT ROPAR,IIT ROORKEE,15/12/2025,2.30 PM,2
254,Table Tennis,Women,League,IIT Madras,upcoming,7,G,IIT INDORE,IIT (BHU) VARANASI,15/12/2025,2.30 PM,3
255,Table Tennis,Women,League,IIT Madras,upcoming,8,A,IIT GOA,IIT PATNA,16/12/2025,9.30 AM,1
256,Table Tennis,Women,League,IIT Madras,upcoming,9,B,IIT JAMMU,IIT BHUBANESWAR,16/12/2025,9.30 AM,2
257,Table Tennis,Women,League,IIT Madras,upcoming,10,C,IIT GUWAHATI,IIT KHARAGPUR,16/12/2025,9.30 AM,3
258,Table Tennis,Women,League,IIT Madras,upcoming,11,D,IIT DHARWAD,IIT TIRUPATI,16/12/2025,9.30 AM,4
259,Table Tennis,Women,League,IIT Madras,upcoming,12,E,IIT GANDHINAGAR,IIT (ISM) DHANBAD,16/12/2025,2.30 PM,1
260,Table Tennis,Women,League,IIT Madras,upcoming,13,F,IIT BHILAI,IIT ROORKEE,16/12/2025,2.30 PM,2
261,Table Tennis,Women,League,IIT Madras,upcoming,14,G,IIT HYDERABAD,IIT (BHU) VARANASI,16/12/2025,2.30 PM,3
262,Table Tennis,Women,League,IIT Madras,upcoming,15,A,IIT MADRAS,IIT GOA,17/12/2025,9.30 AM,1
263,Table Tennis,Women,League,IIT Madras,upcoming,16,B,IIT KANPUR,IIT JAMMU,17/12/2025,9.30 AM,2
264,Table Tennis,Women,League,IIT Madras,upcoming,17,C,IIT BOMBAY,IIT GUWAHATI,17/12/2025,9.30 AM,3
265,Table Tennis,Women,League,IIT Madras,upcoming,18,D,IIT DELHI,IIT DHARWAD,17/12/2025,9.30 AM,4
266,Table Tennis,Women,League,IIT Madras,upcoming,19,E,IIT MANDI,IIT GANDHINAGAR,17/12/2025,2.30 PM,1
267,Table Tennis,Women,League,IIT Madras,upcoming,20,F,IIT ROPAR,IIT BHILAI,17/12/2025,2.30 PM,2
268,Table Tennis,Women,League,IIT Madras,upcoming,21,G,IIT INDORE,IIT HYDERABAD,17/12/2025,2.30 PM,3
269,Table Tennis,Women,League,IIT Madras,upcoming,22,H,IIT JODHPUR,IIT PALAKKAD,17/12/2025,2.30 PM,4
270,Table Tennis,Women,Pre-Quarter Final,IIT Madras,upcoming,23,PQF 1,WINNER OF POOL A,RUNNER-UP OF POOL C,18/12/2025,9.30 AM,1
271,Table Tennis,Women,Pre-Quarter Final,IIT Madras,upcoming,24,PQF 2,WINNER OF POOL B,RUNNER-UP OF POOL D,18/12/2025,9.30 AM,2
272,Table Tennis,Women,Pre-Quarter Final,IIT Madras,upcoming,25,PQF 3,WINNER OF POOL C,RUNNER-UP OF POOL A,18/12/2025,9.30 AM,3
273,Table Tennis,Women,Pre-Quarter Final,IIT Madras,upcoming,26,PQF 4,WINNER OF POOL D,RUNNER-UP OF POOL B,18/12/2025,9.30 AM,4
274,Table Tennis,Women,Pre-Quarter Final,IIT Madras,upcoming,27,PQF 5,WINNER OF POOL E,RUNNER-UP OF POOL G,18/12/2025,2.30 PM,1
275,Table Tennis,Women,Pre-Quarter Final,IIT Madras,upcoming,28,PQF 6,WINNER OF POOL F,RUNNER-UP OF POOL H,18/12/2025,2.30 PM,2
276,Table Tennis,Women,Pre-Quarter Final,IIT Madras,upcoming,29,PQF 7,WINNER OF POOL G,RUNNER-UP OF POOL E,18/12/2025,2.30 PM,3
277,Table Tennis,Women,Pre-Quarter Final,IIT Madras,upcoming,30,PQF 8,WINNER OF POOL H,RUNNER-UP OF POOL F,18/12/2025,2.30 PM,4
278,Table Tennis,Women,Quarter Final,IIT Madras,upcoming,31,QF1,WINNER OF PQF 1,WINNER OF PQF 6,19/12/2025,9.30 AM,1
279,Table Tennis,Women,Quarter Final,IIT Madras,upcoming,32,QF 2,WINNER OF PQF 2,WINNER OF POF 5,19/12/2025,9.30 AM,2
280,Table Tennis,Women,Quarter Final,IIT Madras,upcoming,33,QF 3,WINNER OF PQF 3,WINNER OF PQF 8,19/12/2025,9.30 AM,3
281,Table Tennis,Women,Quarter Final,IIT Madras,upcoming,34,QF 4,WINNER OF PQF 4,WINNER OF PQF 7,19/12/2025,9.30 AM,4
282,Table Tennis,Women,Semi Final,IIT Madras,upcoming,35,SF 1,WINNER OF QF1,WINNER OF QF 4,20/12/2025,10.00 AM,1
283,Table Tennis,Women,Semi Final,IIT Madras,upcoming,36,SF 2,WINNER OF QF 2,WINNER OF QF 3,20/12/2025,10.00 AM,2
284,Table Tennis,Women,3rd Place,IIT Madras,upcoming,37,3RD PLACE,LOSER OF SF 1,LOSER OF SF 2,21/12/2025,9.00 AM,2
285,Table Tennis,Women,Finals,IIT Madras,upcoming,38,FINALS,WINNER OF SF 1,WINNER OF SF 2,21/12/2025,9.30 AM,1
286,Tennis,Men,League,IIT Tirupati,upcoming,1,A,IIT KANPUR,IIT GUWAHATI,14.12.2025,7:00 AM,1
287,Tennis,Men,League,IIT Tirupati,upcoming,2,A,IIT GANDHINAGAR,IIT JODHPUR,14.12.2025,7:00 AM,2
288,Tennis,Men,League,IIT Tirupati,upcoming,3,B,IIT MADRAS,IIT KHARAGPUR,14.12.2025,7:00 AM,3
289,Tennis,Men,League,IIT Tirupati,upcoming,4,B,IIT BOMBAY,IIT ROPAR,14.12.2025,7:00 AM,4
290,Tennis,Men,League,IIT Tirupati,upcoming,5,C,IIT DELHI,IIT BHU VARANASI,14.12.2025,11:00 AM,1
291,Tennis,Men,League,IIT Tirupati,upcoming,6,C,IIT ROORKEE,IIT HYDERABAD,14.12.2025,11:00 AM,2
292,Tennis,Men,League,IIT Tirupati,upcoming,7,D,IIT INDORE,IIT MANDI,14.12.2025,11:00 AM,3
293,Tennis,Men,League,IIT Tirupati,upcoming,8,D,IIT (ISM) DHANBAD,IIT TIRUPATI,14.12.2025,11:00 AM,4
294,Tennis,Men,League,IIT Tirupati,upcoming,9,A,IIT KANPUR,IIT JODHPUR,15.12.2025,8:00 AM,1
295,Tennis,Men,League,IIT Tirupati,upcoming,10,B,IIT MADRAS,IIT ROPAR,15.12.2025,8:00 AM,2
296,Tennis,Men,League,IIT Tirupati,upcoming,11,C,IIT DELHI,IIT HYDERABAD,15.12.2025,8:00 AM,3
297,Tennis,Men,League,IIT Tirupati,upcoming,12,C,IIT ROORKEE,IIT PATNA,15.12.2025,8:00 AM,4
298,Tennis,Men,League,IIT Tirupati,upcoming,13,D,IIT INDORE,IIT TIRUPATI,15.12.2025,4:00 PM,1
299,Tennis,Men,League,IIT Tirupati,upcoming,14,D,IIT (ISM) DHANBAD,IIT GOA,15.12.2025,4:00 PM,2
300,Tennis,Men,League,IIT Tirupati,upcoming,15,A,IIT GANDHINAGAR,IIT GUWAHATI,16.12.2025,8:00 AM,1
301,Tennis,Men,League,IIT Tirupati,upcoming,16,B,IIT BOMBAY,IIT KHARAGPUR,16.12.2025,8:00 AM,2
302,Tennis,Men,League,IIT Tirupati,upcoming,17,C,IIT ROORKEE,IIT BHU VARANASI,16.12.2025,8:00 AM,3
303,Tennis,Men,League,IIT Tirupati,upcoming,18,C,IIT HYDERABAD,IIT PATNA,16.12.2025,8:00 AM,4
304,Tennis,Men,League,IIT Tirupati,upcoming,19,D,IIT (ISM) DHANBAD,IIT MANDI,16.12.2025,4:00 PM,1
305,Tennis,Men,League,IIT Tirupati,upcoming,20,D,IIT TIRUPATI,IIT GOA,16.12.2025,4:00 PM,2
306,Tennis,Men,League,IIT Tirupati,upcoming,21,A,IIT GUWAHATI,IIT JODHPUR,17.12.2025,8:00 AM,1
307,Tennis,Men,League,IIT Tirupati,upcoming,22,B,IIT KHARAGPUR,IIT ROPAR,17.12.2025,8:00 AM,2
308,Tennis,Men,League,IIT Tirupati,upcoming,23,C,IIT DELHI,IIT PATNA,17.12.2025,8:00 AM,3
309,Tennis,Men,League,IIT Tirupati,upcoming,24,C,IIT BHU VARANASI,IIT HYDERABAD,17.12.2025,8:00 AM,4
310,Tennis,Men,League,IIT Tirupati,upcoming,25,D,IIT INDORE,IIT GOA,17.12.2025,4:00 PM,1
311,Tennis,Men,League,IIT Tirupati,upcoming,26,D,IIT MANDI,IIT TIRUPATI,17.12.2025,4:00 PM,2
312,Tennis,Men,League,IIT Tirupati,upcoming,27,A,IIT KANPUR,IIT GANDHINAGAR,18.12.2025,8:00 AM,1
313,Tennis,Men,League,IIT Tirupati,upcoming,28,B,IIT MADRAS,IIT BOMBAY,18.12.2025,8:00 AM,2
314,Tennis,Men,League,IIT Tirupati,upcoming,29,C,IIT DELHI,IIT ROORKEE,18.12.2025,8:00 AM,3
315,Tennis,Men,League,IIT Tirupati,upcoming,30,C,IIT BHU VARANASI,IIT PATNA,18.12.2025,8:00 AM,4
316,Tennis,Men,League,IIT Tirupati,upcoming,31,D,IIT INDORE,IIT (ISM) DHANBAD,18.12.2025,4:00 PM,1
317,Tennis,Men,League,IIT Tirupati,upcoming,32,D,IIT MANDI,IIT GOA,18.12.2025,4:00 PM,2
318,Tennis,Men,Quarter Final,IIT Tirupati,upcoming,33,QF1,WINNER OF POOL A,RUNNER UP OF POOL C,19.12.2025,9:00 AM,3
319,Tennis,Men,Quarter Final,IIT Tirupati,upcoming,34,QF2,WINNER OF POOL B,RUNNER UP OF POOL D,19.12.2025,9:00 AM,4
320,Tennis,Men,Quarter Final,IIT Tirupati,upcoming,35,QF3,RUNNER UP OF POOL A,WINNER OF POOL C,19.12.2025,3:00 PM,1
321,Tennis,Men,Quarter Final,IIT Tirupati,upcoming,36,QF4,RUNNER UP OF POOL B,WINNER OF POOL D,19.12.2025,3:00 PM,2
322,Tennis,Men,Semi Final,IIT Tirupati,upcoming,37,SF1,WINNER OF QF1,WINNER OF QF4,20.12.2025,2:00 PM,3
323,Tennis,Men,Semi Final,IIT Tirupati,upcoming,38,SF2,WINNER OF QF2,WINNER OF QF3,20.12.2025,2:00 PM,4
324,Tennis,Men,3rd Place,IIT Tirupati,upcoming,39,3rd PLACE,RUNNER OF SF 1,RUNNER OF SF 2,21.12.2025,8:00 AM,2
325,Tennis,Men,Final,IIT Tirupati,upcoming,40,FINAL,WINNER OF SF1,WINNER OF SF 2,21.12.2025,11:00 AM,1
326,Tennis,Women,League,IIT Tirupati,upcoming,1,A,IIT ROPAR,IIT (ISM) DHANBAD,15.12.2025,12:00 PM,1
327,Tennis,Women,League,IIT Tirupati,upcoming,2,A,IIT JODHPUR,IIT INDORE,15.12.2025,12:00 PM,2
328,Tennis,Women,League,IIT Tirupati,upcoming,3,B,IIT MADRAS,IIT MANDI,15.12.2025,12:00 PM,3
329,Tennis,Women,League,IIT Tirupati,upcoming,4,B,IIT DELHI,IIT GANDHINAGAR,15.12.2025,12:00 PM,4
330,Tennis,Women,League,IIT Tirupati,upcoming,5,C,IIT PATNA,IIT BOMBAY,15.12.2025,4:00 PM,3
331,Tennis,Women,League,IIT Tirupati,upcoming,6,C,IIT KHARAGPUR,IIT ROORKEE,15.12.2025,4:00 PM,4
332,Tennis,Women,League,IIT Tirupati,upcoming,7,D,IIT KANPUR,IIT HYDERABAD,15.12.2025,7:00 PM,1
333,Tennis,Women,League,IIT Tirupati,upcoming,8,D,IIT GUWAHATI,IIT BHU VARANASI,15.12.2025,7:00 PM,2
334,Tennis,Women,League,IIT Tirupati,upcoming,9,A,IIT ROPAR,IIT INDORE,16.12.2025,12:00 PM,1
335,Tennis,Women,League,IIT Tirupati,upcoming,10,A,IIT JODHPUR,IIT (ISM) DHANBAD,16.12.2025,12:00 PM,2
336,Tennis,Women,League,IIT Tirupati,upcoming,11,B,IIT MADRAS,IIT GANDHINAGAR,16.12.2025,12:00 PM,3
337,Tennis,Women,League,IIT Tirupati,upcoming,12,B,IIT DELHI,IIT MANDI,16.12.2025,12:00 PM,4
338,Tennis,Women,League,IIT Tirupati,upcoming,13,C,IIT PATNA,IIT ROORKEE,16.12.2025,4:00 PM,3
339,Tennis,Women,League,IIT Tirupati,upcoming,14,C,IIT KHARAGPUR,IIT BOMBAY,16.12.2025,4:00 PM,4
340,Tennis,Women,League,IIT Tirupati,upcoming,15,D,IIT KANPUR,IIT BHU VARANASI,16.12.2025,7:00 PM,1
341,Tennis,Women,League,IIT Tirupati,upcoming,16,D,IIT GUWAHATI,IIT HYDERABAD,16.12.2025,7:00 PM,2
342,Tennis,Women,League,IIT Tirupati,upcoming,17,A,IIT ROPAR,IIT JODHPUR,17.12.2025,12:00 PM,1
343,Tennis,Women,League,IIT Tirupati,upcoming,18,A,IIT (ISM) DHANBAD,IIT INDORE,17.12.2025,12:00 PM,2
344,Tennis,Women,League,IIT Tirupati,upcoming,19,B,IIT MADRAS,IIT DELHI,17.12.2025,12:00 PM,3
345,Tennis,Women,League,IIT Tirupati,upcoming,20,B,IIT MANDI,IIT GANDHINAGAR,17.12.2025,12:00 PM,4
346,Tennis,Women,League,IIT Tirupati,upcoming,21,C,IIT PATNA,IIT KHARAGPUR,17.12.2025,4:00 PM,3
347,Tennis,Women,League,IIT Tirupati,upcoming,22,C,IIT BOMBAY,IIT ROORKEE,17.12.2025,4:00 PM,4
348,Tennis,Women,League,IIT Tirupati,upcoming,23,D,IIT KANPUR,IIT GUWAHATI,17.12.2025,7:00 PM,1
349,Tennis,Women,League,IIT Tirupati,upcoming,24,D,IIT HYDERABAD,IIT BHU VARANASI,17.12.2025,7:00 PM,2
350,Tennis,Women,Quarter Final,IIT Tirupati,upcoming,25,QF1,WINNER OF POOL A,RUNNER UP OF POOL C,18.12.2025,12:00 PM,1
351,Tennis,Women,Quarter Final,IIT Tirupati,upcoming,26,QF2,WINNER OF POOL B,RUNNER UP OF POOL D,18.12.2025,12:00 PM,2
352,Tennis,Women,Quarter Final,IIT Tirupati,upcoming,27,QF3,RUNNER UP OF POOL A,WINNER OF POOL C,18.12.2025,4:00 PM,3
353,Tennis,Women,Quarter Final,IIT Tirupati,upcoming,28,QF4,RUNNER UP OF POOL B,WINNER OF POOL D,18.12.2025,4:00 PM,4
354,Tennis,Women,Semi Final,IIT Tirupati,upcoming,29,SF1,WINNER OF QF1,WINNER OF QF4,19.12.2025,9:00 AM,1
355,Tennis,Women,Semi Final,IIT Tirupati,upcoming,30,SF2,WINNER OF QF2,WINNER OF QF3,19.12.2025,9:00 AM,2
356,Tennis,Women,3rd Place,IIT Tirupati,upcoming,31,3rd Place,RUNNER OF SF 1,RUNNER OF SF 2,20.12.2025,9:00 AM,2
357,Tennis,Women,Final,IIT Tirupati,upcoming,32,FINAL,WINNER OF SF1,WINNER OF SF 2,20.12.2025,2:00 PM,1
359,Weightlifting,Men,Competition,IIT Tirupati,upcoming,,60 kg - B GROUP,Weighing Time: 08:00 AM,Reporting Time: 09:50 AM,15-12-2025,10:00 AM,
360,Weightlifting,Men,Competition,IIT Tirupati,upcoming,,60 kg - A GROUP,Weighing Time: 10:00 AM,Reporting Time: 11:50 AM,15-12-2025,12:00 PM,
361,Weightlifting,Men,Competition,IIT Tirupati,upcoming,,65 kg - B GROUP,Weighing Time: 07.00 AM,Reporting Time: 08:50 AM,15-12-2025,09:00 AM,
362,Weightlifting,Men,Competition,IIT Tirupati,upcoming,,65 kg - A GROUP,Weighing Time: 09:00 AM,Reporting Time: 10:50 AM,15-12-2025,11:00 AM,
363,Weightlifting,Men,Competition,IIT Tirupati,upcoming,,71 kg - B GROUP,Weighing Time: 11:00 AM,Reporting Time: 12:50 PM,16-12-2025,01:00 PM,
364,Weightlifting,Men,Competition,IIT Tirupati,upcoming,,71 kg - A GROUP,Weighing Time: 01:00 PM,Reporting Time: 02:50 PM,16-12-2025,03:00 PM,
365,Weightlifting,Men,Competition,IIT Tirupati,upcoming,,79 kg - B GROUP,Weighing Time: 07.00 AM,Reporting Time: 08:50 AM,16-12-2025,09:00 AM,
366,Weightlifting,Men,Competition,IIT Tirupati,upcoming,,79 kg - A GROUP,Weighing Time: 09:00 AM,Reporting Time: 10:50 AM,16-12-2025,11:00 AM,
367,Weightlifting,Men,Competition,IIT Tirupati,upcoming,,+79 kg - B GROUP,Weighing Time: 11:00 AM,Reporting Time: 12:50 PM,17-12-2025,01:00 PM,
368,Weightlifting,Men,Competition,IIT Tirupati,upcoming,,+79 kg - A GROUP,Weighing Time: 01:00 PM,Reporting Time: 02:50 PM,17-12-2025,03:00 PM,
369,Cricket,Men,League,IIT Hyderabad,upcoming,1,A,IIT VARANASI,IIT ROPAR,13.12.2025,8:30 AM,1
370,Cricket,Men,League,IIT Hyderabad,upcoming,2,B,IIT MADRAS,IIT BHILAI,13.12.2025,8:30 AM,2
371,Cricket,Men,League,IIT Hyderabad,upcoming,3,D,IIT DELHI,IIT JAMMU,13.12.2025,1:00 PM,1
372,Cricket,Men,League,IIT Hyderabad,upcoming,4,C,IIT GANDHINAGAR,IIT MANDI,13.12.2025,1:00 PM,2
373,Cricket,Men,League,IIT Hyderabad,upcoming,5,F,IIT GUWAHATI,IIT DHANBAD,14.12.2025,8:30 AM,1
374,Cricket,Men,League,IIT Hyderabad,upcoming,6,E,IIT KANPUR,IIT GOA,14.12.2025,8:30 AM,2
375,Cricket,Men,League,IIT Hyderabad,upcoming,7,G,IIT TIRUPATI,IIT INDORE,14.12.2025,8:30 AM,3
376,Cricket,Men,League,IIT Hyderabad,upcoming,8,G,IIT KHARAGPUR,IIT INDORE,15.12.2025,8:30 AM,1
377,Cricket,Men,League,IIT Hyderabad,upcoming,9,A,IIT JODHPUR,IIT ROPAR,15.12.2025,8:30 AM,2
378,Cricket,Men,League,IIT Hyderabad,upcoming,10,C,IIT GANDHINAGAR,IIT HYDERABAD,15.12.2025,1:00 PM,1
379,Cricket,Men,League,IIT Hyderabad,upcoming,11,B,IIT ROORKEE,IIT BHILAI,15.12.2025,1:00 PM,2
380,Cricket,Men,League,IIT Hyderabad,upcoming,12,D,IIT DHARWAD,IIT JAMMU,15.12.2025,8:30 AM,3
381,Cricket,Men,League,IIT Hyderabad,upcoming,13,E,IIT PATNA,IIT GOA,15.12.2025,1:00 PM,3
382,Cricket,Men,League,IIT Hyderabad,upcoming,14,F,IIT BHUBANESWAR,IIT DHANBAD,15.12.2025,8:30 AM,4
383,Cricket,Men,League,IIT Hyderabad,upcoming,15,B,IIT MADRAS,IIT ROORKEE,16.12.2025,8:30 AM,1
384,Cricket,Men,League,IIT Hyderabad,upcoming,16,D,IIT DELHI,IIT DHARWAD,16.12.2025,8:30 AM,2
385,Cricket,Men,League,IIT Hyderabad,upcoming,17,E,IIT KANPUR,IIT PATNA,16.12.2025,8:30 AM,3
386,Cricket,Men,League,IIT Hyderabad,upcoming,18,F,IIT GUWAHATI,IIT BHUBANESWAR,16.12.2025,8:30 AM,4
387,Cricket,Men,League,IIT Hyderabad,upcoming,19,C,IIT HYDERABAD,IIT MANDI,16.12.2025,1:00 PM,1
388,Cricket,Men,League,IIT Hyderabad,upcoming,20,A,IIT VARANASI,IIT JODHPUR,16.12.2025,1:00 PM,2
389,Cricket,Men,League,IIT Hyderabad,upcoming,21,G,IIT KHARAGPUR,IIT TIRUPATI,16.12.2025,1:00 PM,3
390,Cricket,Men,League,IIT Hyderabad,upcoming,22,H,IIT BOMBAY,IIT PALAKKAD,16.12.2025,1:00 PM,4
391,Cricket,Men,Pre-Quarter Final,IIT Hyderabad,upcoming,23,PQF1,Winner of pool A,Runner-up of pool C,17.12.2025,8:30 AM,1
392,Cricket,Men,Pre-Quarter Final,IIT Hyderabad,upcoming,24,PQF2,Winner of pool B,Runner-up of pool D,17.12.2025,8:30 AM,2
393,Cricket,Men,Pre-Quarter Final,IIT Hyderabad,upcoming,25,PQF3,Winner of pool C,Runner-up of pool A,17.12.2025,1:00 PM,1
394,Cricket,Men,Pre-Quarter Final,IIT Hyderabad,upcoming,26,PQF4,Winner of pool D,Runner-up of pool B,17.12.2025,1:00 PM,2
395,Cricket,Men,Pre-Quarter Final,IIT Hyderabad,upcoming,27,PQF5,Winner of pool E,Runner-up of pool G,17.12.2025,8:30 AM,3
396,Cricket,Men,Pre-Quarter Final,IIT Hyderabad,upcoming,28,PQF6,Winner of pool F,Runner-up of pool H,17.12.2025,8:30 AM,4
397,Cricket,Men,Pre-Quarter Final,IIT Hyderabad,upcoming,29,PQF7,Winner of pool G,Runner-up of pool E,17.12.2025,1:00 PM,3
398,Cricket,Men,Pre-Quarter Final,IIT Hyderabad,upcoming,30,PQF8,Winner of pool H,Runner-up of pool F,17.12.2025,1:00 PM,4
399,Cricket,Men,Quarter Final,IIT Hyderabad,upcoming,31,QF1,Winner of PQF1,Winner of PQF6,18.12.2025,8:30 AM,1
400,Cricket,Men,Quarter Final,IIT Hyderabad,upcoming,32,QF2,Winner of PQF2,Winner of PQF5,18.12.2025,8:30 AM,2
401,Cricket,Men,Quarter Final,IIT Hyderabad,upcoming,33,QF3,Winner of PQF3,Winner of PQF8,18.12.2025,1:00 PM,1
402,Cricket,Men,Quarter Final,IIT Hyderabad,upcoming,34,QF4,Winner of PQF4,Winner of PQF7,18.12.2025,1:00 PM,2
403,Cricket,Men,Semi Final,IIT Hyderabad,upcoming,35,SF1,Winner of QF1,Winner of QF4,20.12.2025,8:30 AM,1
404,Cricket,Men,Semi Final,IIT Hyderabad,upcoming,36,SF2,Winner of QF2,Winner of QF3,20.12.2025,1:00 PM,1
405,Cricket,Men,3rd Place,IIT Hyderabad,upcoming,37,3rd PLACE,Loser of SF1,Loser of SF2,21.12.2025,8:30 AM,2
406,Cricket,Men,FINAL,IIT Hyderabad,upcoming,38,FINAL,Winner of SF1,Winner of SF2,21.12.2025,8:30 AM,1
407,Football,Men,League,IIT Hyderabad,upcoming,1,B,IIT KANPUR,IIT BHILAI,15.12.2025,8:00 AM,1
408,Football,Men,League,IIT Hyderabad,upcoming,2,C,IIT BOMBAY,IIT PALAKKAD,15.12.2025,8:00 AM,2
409,Football,Men,League,IIT Hyderabad,upcoming,3,D,IIT ROORKEE,IIT PATNA,15.12.2025,9:30 AM,1
410,Football,Men,League,IIT Hyderabad,upcoming,4,E,IIT DELHI,IIT BHUBANESWAR,15.12.2025,9:30 AM,2
411,Football,Men,League,IIT Hyderabad,upcoming,5,F,IIT GANDHINAGAR,IIT INDORE,15.12.2025,4:00 PM,1
412,Football,Men,League,IIT Hyderabad,upcoming,6,G,IIT MANDI,IIT JODHPUR,15.12.2025,4:00 PM,2
413,Football,Men,League,IIT Hyderabad,upcoming,7,B,IIT ROPAR,IIT BHILAI,16.12.2025,8:00 AM,1
414,Football,Men,League,IIT Hyderabad,upcoming,8,C,IIT VARANASI,IIT PALAKKAD,16.12.2025,8:00 AM,2
415,Football,Men,League,IIT Hyderabad,upcoming,9,D,IIT JAMMU,IIT PATNA,16.12.2025,9:30 AM,1
416,Football,Men,League,IIT Hyderabad,upcoming,10,E,IIT MADRAS,IIT BHUBANESWAR,16.12.2025,9:30 AM,2
417,Football,Men,League,IIT Hyderabad,upcoming,11,F,IIT HYDERABAD,IIT INDORE,16.12.2025,4:00 PM,1
418,Football,Men,League,IIT Hyderabad,upcoming,12,G,IIT TIRUPATI,IIT JODHPUR,16.12.2025,4:00 PM,2
419,Football,Men,League,IIT Hyderabad,upcoming,13,A,IIT KHARAGPUR,IIT DHANBAD,17.12.2025,8:00 AM,1
420,Football,Men,League,IIT Hyderabad,upcoming,14,B,IIT KANPUR,IIT ROPAR,17.12.2025,8:00 AM,2
421,Football,Men,League,IIT Hyderabad,upcoming,15,C,IIT BOMBAY,IIT VARANASI,17.12.2025,9:30 AM,1
422,Football,Men,League,IIT Hyderabad,upcoming,16,D,IIT ROORKEE,IIT JAMMU,17.12.2025,9:30 AM,2
423,Football,Men,League,IIT Hyderabad,upcoming,17,E,IIT DELHI,IIT MADRAS,17.12.2025,3:00 PM,1
424,Football,Men,League,IIT Hyderabad,upcoming,18,G,IIT MANDI,IIT TIRUPATI,17.12.2025,3:00 PM,2
425,Football,Men,League,IIT Hyderabad,upcoming,19,F,IIT GANDHINAGAR,IIT HYDERABAD,17.12.2025,4:30 PM,1
426,Football,Men,League,IIT Hyderabad,upcoming,20,H,IIT GUWAHATI,IIT DHARWAD,17.12.2025,4:30 PM,2
427,Football,Men,Pre-Quarter Final,IIT Hyderabad,upcoming,23,PQF1,Winner of pool A,Runner-up of pool C,18.12.2025,8:00 AM,2
428,Football,Men,Pre-Quarter Final,IIT Hyderabad,upcoming,24,PQF2,Winner of pool B,Runner-up of pool D,18.12.2025,8:00 AM,1
429,Football,Men,Pre-Quarter Final,IIT Hyderabad,upcoming,25,PQF3,Winner of pool C,Runner-up of pool A,18.12.2025,9:30 AM,2
430,Football,Men,Pre-Quarter Final,IIT Hyderabad,upcoming,26,PQF4,Winner of pool D,Runner-up of pool B,18.12.2025,9:30 AM,1
431,Football,Men,Pre-Quarter Final,IIT Hyderabad,upcoming,27,PQF5,Winner of pool E,Runner-up of pool G,18.12.2025,3:00 PM,2
432,Football,Men,Pre-Quarter Final,IIT Hyderabad,upcoming,28,PQF6,Winner of pool F,Runner-up of pool H,18.12.2025,3:00 PM,1
433,Football,Men,Pre-Quarter Final,IIT Hyderabad,upcoming,29,PQF7,Winner of pool G,Runner-up of pool E,18.12.2025,4:30 PM,2
434,Football,Men,Pre-Quarter Final,IIT Hyderabad,upcoming,30,PQF8,Winner of pool H,Runner-up of pool F,18.12.2025,4:30 PM,1
435,Football,Men,Quarter Final,IIT Hyderabad,upcoming,31,QF1,Winner of PQF1,Winner of PQF6,19.12.2025,8:00 AM,1
436,Football,Men,Quarter Final,IIT Hyderabad,upcoming,32,QF2,Winner of PQF2,Winner of PQF5,19.12.2025,9:30 AM,1
437,Football,Men,Quarter Final,IIT Hyderabad,upcoming,33,QF3,Winner of PQF3,Winner of PQF8,19.12.2025,3:00 PM,1
438,Football,Men,Quarter Final,IIT Hyderabad,upcoming,34,QF4,Winner of PQF4,Winner of PQF7,19.12.2025,4:30 PM,1
439,Football,Men,Semi Final,IIT Hyderabad,upcoming,35,SF1,Winner of QF1,Winner of QF4,20.12.2025,8:00 AM,1
440,Football,Men,Semi Final,IIT Hyderabad,upcoming,36,SF2,Winner of QF2,Winner of QF3,20.12.2025,9:30 AM,1
441,Football,Men,3rd Place,IIT Hyderabad,upcoming,37,3RD PLACE,Loser of SF1,Loser of SF2,21.12.2025,8:00 AM,1
442,Football,Men,FINAL,IIT Hyderabad,upcoming,38,FINAL,Winner of SF1,Winner of SF2,21.12.2025,9:30 AM,1
443,Hockey,Men,League,IIT Hyderabad,upcoming,1,A,IIT DELHI,IIT MANDI,15.12.2025,8:00 AM,1
444,Hockey,Men,League,IIT Hyderabad,upcoming,2,D,IIT VARANASI,IIT KANPUR,15.12.2025,10:00 AM,1
445,Hockey,Men,League,IIT Hyderabad,upcoming,3,B,IIT BOMBAY,IIT JODHPUR,15.12.2025,1:30 PM,1
446,Hockey,Men,League,IIT Hyderabad,upcoming,4,D,IIT ROPAR,IIT DHANBAD,15.12.2025,3:30 PM,1
447,Hockey,Men,League,IIT Hyderabad,upcoming,5,A,IIT MANDI,IIT HYDERABAD,16.12.2025,8:00 AM,1
448,Hockey,Men,League,IIT Hyderabad,upcoming,6,D,IIT DHANBAD,IIT KANPUR,16.12.2025,10:00 AM,1
449,Hockey,Men,League,IIT Hyderabad,upcoming,7,C,IIT ROORKEE,IIT GUWAHATI,16.12.2025,1:30 PM,1
450,Hockey,Men,League,IIT Hyderabad,upcoming,8,D,IIT VARANASI,IIT ROPAR,16.12.2025,3:30 PM,1
451,Hockey,Men,League,IIT Hyderabad,upcoming,9,D,IIT VARANASI,IIT DHANBAD,17.12.2025,8:00 AM,1
452,Hockey,Men,League,IIT Hyderabad,upcoming,10,B,IIT BOMBAY,IIT MADRAS,17.12.2025,10:00 AM,1
453,Hockey,Men,League,IIT Hyderabad,upcoming,11,C,IIT ROORKEE,IIT KHARAGPUR,17.12.2025,1:30 PM,1
454,Hockey,Men,League,IIT Hyderabad,upcoming,12,D,IIT KANPUR,IIT ROPAR,17.12.2025,3:30 PM,1
455,Hockey,Men,League,IIT Hyderabad,upcoming,13,A,IIT DELHI,IIT HYDERABAD,18.12.2025,8:00 AM,1
456,Hockey,Men,League,IIT Hyderabad,upcoming,14,B,IIT JODHPUR,IIT MADRAS,18.12.2025,10:00 AM,1
457,Hockey,Men,League,IIT Hyderabad,upcoming,15,C,IIT GUWAHATI,IIT KHARAGPUR,18.12.2025,2:00 PM,1
458,Hockey,Men,Quarter Final,IIT Hyderabad,upcoming,16,QF1,Winner Of Pool A,Runner Up Of Pool C,19.12.2025,8:00 AM,1
459,Hockey,Men,Quarter Final,IIT Hyderabad,upcoming,17,QF2,Winner Of Pool B,Runner Up Of Pool D,19.12.2025,10:00 AM,1
460,Hockey,Men,Quarter Final,IIT Hyderabad,upcoming,18,QF3,Winner Of Pool C,Runner Up Of Pool A,19.12.2025,1:30 PM,1
461,Hockey,Men,Quarter Final,IIT Hyderabad,upcoming,19,QF4,Winner Of Pool D,Runner Up Of Pool B,19.12.2025,3:30 PM,1
462,Hockey,Men,Semi Final,IIT Hyderabad,upcoming,20,SF1,WINNER OF QF1,WINNER OF QF4,20.12.2025,8:00 AM,1
463,Hockey,Men,Semi Final,IIT Hyderabad,upcoming,21,SF2,WINNER OF QF2,WINNER OF QF3,20.12.2025,10:00 AM,1
464,Hockey,Men,3rd Place,IIT Hyderabad,upcoming,22,3RD PLACE,LOSER OF SF1,LOSER OF SF2,21.12.2025,8:00 AM,1
465,Hockey,Men,FINAL,IIT Hyderabad,upcoming,23,FINAL,WINNER OF SF1,WINNER OF SF2,21.12.2025,10:00 AM,1
466,Volleyball,Men,League,IIT Hyderabad,upcoming,1,F,IIT JODHPUR,IIT DELHI,15.12.2025,9:00 AM,1
467,Volleyball,Men,League,IIT Hyderabad,upcoming,2,G,IIT KHARAGPUR,IIT GOA,15.12.2025,9:00 AM,2
468,Volleyball,Men,League,IIT Hyderabad,upcoming,3,D,IIT MADRAS,IIT DHARWAD,15.12.2025,10:30 AM,1
469,Volleyball,Men,League,IIT Hyderabad,upcoming,4,E,IIT JAMMU,IIT PATNA,15.12.2025,10:30 AM,2
470,Volleyball,Men,League,IIT Hyderabad,upcoming,5,A,IIT ROORKEE,IIT KANPUR,15.12.2025,5:00 PM,1
471,Volleyball,Men,League,IIT Hyderabad,upcoming,6,B,IIT HYDERABAD,IIT PALAKKAD,15.12.2025,5:00 PM,2
472,Volleyball,Men,League,IIT Hyderabad,upcoming,7,C,IIT BHUBANESWAR,IIT MANDI,15.12.2025,6:30 PM,1
473,Volleyball,Men,League,IIT Hyderabad,upcoming,8,A,IIT GANDHINAGAR,IIT KANPUR,16.12.2025,9:00 AM,1
474,Volleyball,Men,League,IIT Hyderabad,upcoming,9,B,IIT BOMBAY,IIT PALAKKAD,16.12.2025,9:00 AM,2
475,Volleyball,Men,League,IIT Hyderabad,upcoming,10,C,IIT TIRUPATI,IIT MANDI,16.12.2025,11:00 AM,1
476,Volleyball,Men,League,IIT Hyderabad,upcoming,11,D,IIT GUWAHATI,IIT DHARWAD,16.12.2025,5:00 PM,1
477,Volleyball,Men,League,IIT Hyderabad,upcoming,12,E,IIT DHANBAD(ISM),IIT PATNA,16.12.2025,5:00 PM,2
478,Volleyball,Men,League,IIT Hyderabad,upcoming,13,F,IIT INDORE,IIT DELHI,16.12.2025,6:30 PM,1
479,Volleyball,Men,League,IIT Hyderabad,upcoming,14,G,IIT ROPAR,IIT GOA,16.12.2025,6:30 PM,2
480,Volleyball,Men,League,IIT Hyderabad,upcoming,15,E,IIT JAMMU,IIT DHANBAD (ISM),17.12.2025,9:00 AM,1
481,Volleyball,Men,League,IIT Hyderabad,upcoming,16,F,IIT JODHPUR,IIT INDORE,17.12.2025,9:00 AM,2
482,Volleyball,Men,League,IIT Hyderabad,upcoming,17,G,IIT KHARAGPUR,IIT ROPAR,17.12.2025,10:30 AM,1
483,Volleyball,Men,League,IIT Hyderabad,upcoming,18,H,IIT VARANASI (BHU),IIT BHILAI,17.12.2025,10:30 AM,2
484,Volleyball,Men,League,IIT Hyderabad,upcoming,19,C,IIT BHUBANESWAR,IIT TIRUPATI,17.12.2025,4:30 PM,1
485,Volleyball,Men,League,IIT Hyderabad,upcoming,20,D,IIT MADRAS,IIT GUWAHATI,17.12.2025,4:30 PM,2
486,Volleyball,Men,League,IIT Hyderabad,upcoming,21,A,IIT ROORKEE,IIT GANDHINAGAR,17.12.2025,6:30 PM,1
487,Volleyball,Men,League,IIT Hyderabad,upcoming,22,B,IIT HYDERABAD,IIT BOMBAY,17.12.2025,6:30 PM,2
488,Volleyball,Men,Pre-Quarter Final,IIT Hyderabad,upcoming,23,PQF1,Winner of pool A,Runner-up of pool C,18.12.2025,9:00 AM,1
489,Volleyball,Men,Pre-Quarter Final,IIT Hyderabad,upcoming,24,PQF2,Winner of pool B,Runner-up of pool D,18.12.2025,9:00 AM,2
490,Volleyball,Men,Pre-Quarter Final,IIT Hyderabad,upcoming,25,PQF3,Winner of pool C,Runner-up of pool A,18.12.2025,10:30 AM,1
491,Volleyball,Men,Pre-Quarter Final,IIT Hyderabad,upcoming,26,PQF4,Winner of pool D,Runner-up of pool B,18.12.2025,10:30 AM,2
492,Volleyball,Men,Pre-Quarter Final,IIT Hyderabad,upcoming,27,PQF5,Winner of pool E,Runner-up of pool G,18.12.2025,5:00 PM,1
493,Volleyball,Men,Pre-Quarter Final,IIT Hyderabad,upcoming,28,PQF6,Winner of pool F,Runner-up of pool H,18.12.2025,5:00 PM,2
494,Volleyball,Men,Pre-Quarter Final,IIT Hyderabad,upcoming,29,PQF7,Winner of pool G,Runner-up of pool E,18.12.2025,6:30 PM,1
495,Volleyball,Men,Pre-Quarter Final,IIT Hyderabad,upcoming,30,PQF8,Winner of pool H,Runner-up of pool F,18.12.2025,6:30 PM,2
496,Volleyball,Men,Quarter Final,IIT Hyderabad,upcoming,31,QF1,Winner of PQF1,Winner of PQF6,19.12.2025,10:00 AM,1
497,Volleyball,Men,Quarter Final,IIT Hyderabad,upcoming,32,QF2,Winner of PQF2,Winner of PQF5,19.12.2025,10:00 AM,2
498,Volleyball,Men,Quarter Final,IIT Hyderabad,upcoming,33,QF3,Winner of PQF3,Winner of PQF8,19.12.2025,5:00 PM,1
499,Volleyball,Men,Quarter Final,IIT Hyderabad,upcoming,34,QF4,Winner of PQF4,Winner of PQF7,19.12.2025,5:00 PM,2
500,Volleyball,Men,Semi Final,IIT Hyderabad,upcoming,35,SF1,Winner of QF1,Winner of QF4,20.12.2025,10:00 AM,1
501,Volleyball,Men,Semi Final,IIT Hyderabad,upcoming,36,SF2,Winner of QF2,Winner of QF3,20.12.2025,5:00 PM,1
502,Volleyball,Men,3rd Place,IIT Hyderabad,upcoming,37,3RD PLACE,Loser of SF1,Loser of SF2,21.12.2025,10:30 AM,1
503,Volleyball,Men,FINAL,IIT Hyderabad,upcoming,38,FINAL,Winner of SF1,Winner of SF2,21.12.2025,10:30 AM,2
504,Volleyball,Women,League,IIT Hyderabad,upcoming,1,E,IIT KANPUR,IIT JAMMU,15.12.2025,9:00 AM,3
505,Volleyball,Women,League,IIT Hyderabad,upcoming,2,G,IIT BHUBANESHWAR,IIT GANDHINAGAR,15.12.2025,9:00 AM,4
506,Volleyball,Women,League,IIT Hyderabad,upcoming,3,D,IIT ROORKEE,IIT MANDI,15.12.2025,11:00 AM,3
507,Volleyball,Women,League,IIT Hyderabad,upcoming,4,C,IIT JODHPUR,IIT BHILAI,15.12.2025,11:00 AM,4
508,Volleyball,Women,League,IIT Hyderabad,upcoming,5,B,IIT DELHI,IIT PATNA,15.12.2025,5:00 PM,3
509,Volleyball,Women,League,IIT Hyderabad,upcoming,6,F,IIT MADRAS,IIT DHANBAD,15.12.2025,5:00 PM,4
510,Volleyball,Women,League,IIT Hyderabad,upcoming,7,B,IIT TIRUPATI,IIT PATNA,16.12.2025,9:00 AM,3
511,Volleyball,Women,League,IIT Hyderabad,upcoming,8,C,IIT GUWAHATI,IIT BHILAI,16.12.2025,9:00 AM,4
512,Volleyball,Women,League,IIT Hyderabad,upcoming,9,E,IIT DHARWAD,IIT JAMMU,16.12.2025,11:00 AM,3
513,Volleyball,Women,League,IIT Hyderabad,upcoming,10,F,IIT PALAKKAD,IIT DHANBAD,16.12.2025,11:00 AM,4
514,Volleyball,Women,League,IIT Hyderabad,upcoming,11,G,IIT INDORE,IIT GANDHINAGAR,16.12.2025,5:00 PM,3
515,Volleyball,Women,League,IIT Hyderabad,upcoming,12,D,IIT KHARAGPUR,IIT MANDI,16.12.2025,5:00 PM,4
516,Volleyball,Women,League,IIT Hyderabad,upcoming,13,B,IIT DELHI,IIT TIRUPATI,17.12.2025,9:00 AM,3
517,Volleyball,Women,League,IIT Hyderabad,upcoming,14,G,IIT BHUBANESWAR,IIT INDORE,17.12.2025,9:00 AM,4
518,Volleyball,Women,League,IIT Hyderabad,upcoming,15,D,IIT ROORKEE,IIT KHARAGPUR,17.12.2025,11:00 AM,3
519,Volleyball,Women,League,IIT Hyderabad,upcoming,16,F,IIT MADRAS,IIT PALAKKAD,17.12.2025,11:00 AM,4
520,Volleyball,Women,League,IIT Hyderabad,upcoming,17,C,IIT JODHPUR,IIT GUWAHATI,17.12.2025,4:30 PM,3
521,Volleyball,Women,League,IIT Hyderabad,upcoming,18,H,IIT BOMBAY,IIT HYDERABAD,17.12.2025,4:30 PM,4
522,Volleyball,Women,League,IIT Hyderabad,upcoming,19,E,IIT KANPUR,IIT DHARWAD,17.12.2025,6:00 PM,3
523,Volleyball,Women,League,IIT Hyderabad,upcoming,20,A,IIT VARANASI,IIT ROPAR,17.12.2025,6:00 PM,4
524,Volleyball,Women,Pre-Quarter Final,IIT Hyderabad,upcoming,21,PQF1,Winner of pool A,Runner-up of pool C,18.12.2025,9:00 AM,3
525,Volleyball,Women,Pre-Quarter Final,IIT Hyderabad,upcoming,22,PQF2,Winner of pool B,Runner-up of pool D,18.12.2025,9:00 AM,4
526,Volleyball,Women,Pre-Quarter Final,IIT Hyderabad,upcoming,23,PQF3,Winner of pool C,Runner-up of pool A,18.12.2025,11:00 AM,3
527,Volleyball,Women,Pre-Quarter Final,IIT Hyderabad,upcoming,24,PQF4,Winner of pool D,Runner-up of pool B,18.12.2025,11:00 AM,4
528,Volleyball,Women,Pre-Quarter Final,IIT Hyderabad,upcoming,25,PQF5,Winner of pool E,Runner-up of pool G,18.12.2025,4:30 PM,3
529,Volleyball,Women,Pre-Quarter Final,IIT Hyderabad,upcoming,26,PQF6,Winner of pool F,Runner-up of pool H,18.12.2025,4:30 PM,4
530,Volleyball,Women,Pre-Quarter Final,IIT Hyderabad,upcoming,27,PQF7,Winner of pool G,Runner-up of pool E,18.12.2025,6:00 PM,3
531,Volleyball,Women,Pre-Quarter Final,IIT Hyderabad,upcoming,28,PQF8,Winner of pool H,Runner-up of pool F,18.12.2025,6:00 PM,4
532,Volleyball,Women,Quarter Final,IIT Hyderabad,upcoming,29,QF1,Winner of PQF1,Winner of PQF6,19.12.2025,10:00 AM,3
533,Volleyball,Women,Quarter Final,IIT Hyderabad,upcoming,30,QF2,Winner of PQF2,Winner of PQF5,19.12.2025,10:00 AM,4
534,Volleyball,Women,Quarter Final,IIT Hyderabad,upcoming,31,QF3,Winner of PQF3,Winner of PQF8,19.12.2025,5:00 PM,3
535,Volleyball,Women,Quarter Final,IIT Hyderabad,upcoming,32,QF4,Winner of PQF4,Winner of PQF7,19.12.2025,5:00 PM,4
536,Volleyball,Women,Semi Final,IIT Hyderabad,upcoming,33,SF1,Winner of QF1,Winner of QF4,20.12.2025,10:00 AM,3
537,Volleyball,Women,Semi Final,IIT Hyderabad,upcoming,34,SF2,Winner of QF2,Winner of QF3,20.12.2025,5:00 PM,3
538,Volleyball,Women,3rd Place,IIT Hyderabad,upcoming,35,3RD PLACE,Loser of SF1,Loser of SF2,21.12.2025,9:00 AM,3
539,Volleyball,Women,FINAL,IIT Hyderabad,upcoming,36,FINAL,Winner of SF1,Winner of SF2,21.12.2025,9:00 AM,4